,P1 x1,P1 x2,P1 y,P2 x1,P2 x2,P2 y,P3 x1,P3 x2,P3 y,P4 x1,P4 x2,P4 y
1,0.8513187359279635,0.6459241022451213,1.0,0.6753582112155189,0.06419329471238866,0.0,0.32778316967962673,0.2484409683596286,0.0,0.2359186804500203,0.38691604722425743,0.0
2,0.32050015254183206,0.2806734082345309,0.0,0.39317533592436194,0.9340890596964673,1.0,0.8279946146218455,0.9351171262624527,1.0,0.02669380234085228,0.1902301036876115,0.0
3,0.8467478138993154,0.7437230837538656,1.0,0.49576715446250086,0.9464377752306592,1.0,0.45683032500201803,0.715508280194976,1.0,0.7436543507025021,0.3092152541413591,0.0
4,0.15472211402811453,0.5059175808280955,1.0,0.006803200140115262,0.5680313188843944,1.0,0.8636786375014037,0.8662982476741408,0.0,0.7565229330618883,0.26145168437986177,0.0
5,0.538837933239748,0.2810095093586378,0.0,0.2018297778921464,0.6872964612159782,1.0,0.1347026338046301,0.474006425744088,0.0,0.6065926350920428,0.10924525485753267,0.0
6,0.23032719443256833,0.8564461295497882,1.0,0.5627486547530894,0.28049141753597384,0.0,0.5382946918687554,0.9131776963571656,0.0,0.628026780190881,0.3381413224092914,0.0
7,0.7331181155123062,0.15453345665236262,0.0,0.4360093615618934,0.8263518752276228,1.0,0.9928563225988349,0.9984300518885685,0.0,0.8591941892889545,0.10878837247389206,0.0
8,0.9515185770412601,0.7756157901512878,1.0,0.4312068903179569,0.763197595349934,1.0,0.21923244543813192,0.920535937209012,1.0,0.9054598312171201,0.3880904480191224,0.0
9,0.7113489130764852,0.12861138406932582,0.0,0.9423848601184999,0.22950474100790197,0.0,0.951563867014365,0.2360320077237552,1.0,0.3696885553446121,0.7721631754134171,1.0
10,0.13878509258230487,0.4736719357769459,0.0,0.5082803134233568,0.20877811805299273,0.0,0.5043773993037592,0.8108083708771266,1.0,0.26503438097632614,0.6236849822220281,0.0
11,0.13504783481048666,0.5675009044268123,1.0,0.33168141538606777,0.8230103247290972,1.0,0.9001254009500049,0.09768604030103456,0.0,0.6256526308564325,0.5719179487905091,0.0
12,0.902437004061818,0.4028729546624934,1.0,0.3038895368670089,0.7237972797765293,1.0,0.5888264621352475,0.4407737432463016,1.0,0.9529659260944927,0.2263123113565444,0.0
13,0.27100920370783155,0.9328180297679529,0.0,0.9530148941961948,0.23743821988243496,0.0,0.2941824949903141,0.16444334412191508,0.0,0.7155547967976028,0.9550944097674816,1.0
14,0.3397163950922091,0.7328277319879332,1.0,0.039238496104876064,0.562428310883188,1.0,0.9578662245504752,0.6025525588290541,0.0,0.3115982208664645,0.6995529795825702,0.0
15,0.8715409881426042,0.0069766741209882355,0.0,0.7700787624895596,0.4722134173577178,0.0,0.3821086407303176,0.9730078344301969,1.0,0.04606144032527393,0.9507926325028648,1.0
16,0.11095870323938195,0.4599137282247783,1.0,0.7385647063078952,0.5034901814563902,1.0,0.4099593006413358,0.03343759291902049,0.0,0.9686249390735296,0.6737549103757979,1.0
17,0.17978086037627272,0.621102865204017,1.0,0.02303838251668533,0.2695927050161381,0.0,0.6796733759900986,0.33034871102581365,0.0,0.40404174831119966,0.6346536184960485,0.0
18,0.099741731376635,0.034890045715517015,0.0,0.9763168053260907,0.921982157067219,1.0,0.6099031897649972,0.5929741375031954,0.0,0.4342650058992745,0.34244539316764644,0.0
19,0.9241259786425361,0.444352285043467,1.0,0.24935305760633542,0.5313026898778077,1.0,0.032999777183943535,0.13904855148397255,0.0,0.27829498884829695,0.602321954640161,0.0
20,0.7582975191212253,0.17343223598310398,0.0,0.02092442084330781,0.542946857087162,1.0,0.5061262798995068,0.5330467227957193,1.0,0.04494335027954599,0.739039099200883,1.0
21,0.6985777705136849,0.08361419547306459,0.0,0.4109736342242144,0.8270858277386742,1.0,0.3159204617496839,0.38521918450509895,0.0,0.6185132014588292,0.02250400553286125,0.0
22,0.002133262962043192,0.9571393081566438,0.0,0.3350608382916277,0.8460794578589423,1.0,0.3575351753404644,0.7379374530472259,0.0,0.5255966202281391,0.6568274961573674,0.0
23,0.7371198694582249,0.7563380780846534,1.0,0.6134885393542318,0.7544770886521865,1.0,0.2687993206266913,0.02570280629156363,1.0,0.9641295892901726,0.7652168426576973,1.0
24,0.02767914789871262,0.7080183901501256,1.0,0.3671233908681434,0.16289625264266894,0.0,0.09546710788431301,0.28815165584432845,1.0,0.12490633353510316,0.693746676977563,1.0
25,0.916464201391949,0.3707026072264822,0.0,0.9609582430881374,0.5795261140926601,1.0,0.10325978181346152,0.8545467902144072,1.0,0.782350069411062,0.7060100963616788,0.0
26,0.4259037241736704,0.04820298256383215,0.0,0.022883440380228715,0.4616260547683724,0.0,0.2911962103660388,0.3331386776311872,1.0,0.19012231113316624,0.6938037425114155,0.0
27,0.8773464255045839,0.8322247303966006,1.0,0.8710457906389337,0.0906656572823189,0.0,0.27318081567143826,0.7455832771840813,0.0,0.6356727622812202,0.8812254219547481,1.0
28,0.4740892040760747,0.9160025671041612,1.0,0.7984380519798229,0.283452695844189,0.0,0.42357924142114667,0.7749164393002453,1.0,0.23803864652534246,0.851502486768702,1.0
29,0.26720682902269566,0.9722844017563448,1.0,0.9986794019646701,0.39386584990660745,1.0,0.6634416936465591,0.7265846813428497,0.0,0.38320782567193146,0.9241865552746483,1.0
30,0.6667236117295309,0.053136878558821654,1.0,0.19245599538041613,0.7029377340919768,1.0,0.17652743903443047,0.44750292908804123,0.0,0.6425149419037076,0.19902704468259103,0.0
31,0.17511093820843848,0.7505408423397093,1.0,0.5426122714386468,0.3877357204793068,0.0,0.6752300814355373,0.41774817539095255,0.0,0.059267473051093145,0.7970909659922052,1.0
32,0.396117422167523,0.5898602829524837,1.0,0.9726254453472776,0.7650244446538509,1.0,0.5982043878227493,0.06459899536546676,0.0,0.11057306043848769,0.6180750003902854,0.0
33,0.7379695743382465,0.3423812222553523,0.0,0.5055961876230719,0.22482214150769375,0.0,0.23794983575374717,0.7383150630830653,0.0,0.6280095824257352,0.8350521547110211,0.0
34,0.26336738681423333,0.16181200149245167,1.0,0.9348387367428074,0.24632419376714687,0.0,0.9348181679240826,0.69997684105552,1.0,0.9134800335226356,0.3320040434705701,0.0
35,0.9282952878083747,0.7831979594149812,1.0,0.260249921446855,0.06537929728869629,0.0,0.7917499229933542,0.25180971955912035,1.0,0.4999152629261754,0.53743743452901,0.0
36,0.45985402766910977,0.7715639660402281,1.0,0.5197661498126651,0.9228886765253064,1.0,0.38770065658125485,0.6397943320423567,0.0,0.7944248628311246,0.08907403989927365,0.0
37,0.7265038815529612,0.5879235554463227,0.0,0.8536564838315543,0.9269760831508027,1.0,0.6001683108337694,0.2896203913842701,1.0,0.7384710021623067,0.6861559432048471,1.0
38,0.6144529600671189,0.7663475773680747,0.0,0.08218389171429519,0.65345958450618,1.0,0.5851072611714844,0.2678304985625536,1.0,0.42957979349534103,0.2897118936438513,0.0
39,0.20047665038931906,0.5981653740751207,1.0,0.7045795459053352,0.2883775420097271,0.0,0.28620456819755835,0.15886387907484434,0.0,0.6279201261286409,0.8061195466019232,1.0
40,0.8434049836296034,0.056554847980573864,1.0,0.4389760779253472,0.5842044248469301,0.0,0.2870658230174512,0.7548572585431418,0.0,0.12270921937577328,0.5880778957391737,1.0
41,0.7102823207370985,0.743003227484278,1.0,0.7241903623751276,0.13489747869365087,1.0,0.39075259957352526,0.2646376055393671,0.0,0.43555966785517675,0.12789176069546737,0.0
42,0.29509855392891104,0.8663727721255017,1.0,0.2383197128320037,0.14806088183943533,0.0,0.15925767174966576,0.337338552677932,0.0,0.6417177430864388,0.9394991382895007,1.0
43,0.38997314291430296,0.24235591666387235,0.0,0.6681158218958952,0.3273658710050077,0.0,0.1417513059066563,0.46019700625831295,1.0,0.48925220219384447,0.849585170369814,1.0
44,0.5275715518765891,0.968490740278341,1.0,0.4478156903128515,0.7434454095128484,1.0,0.30481169855689927,0.7568499560017439,1.0,0.5268168415942136,0.5742248374519096,0.0
45,0.9355089213047185,0.4054854254199257,1.0,0.8213414609570171,0.5796533736036664,1.0,0.5037162532392644,0.7290519511890132,1.0,0.9718689631995339,0.859182687039503,0.0
46,0.9335259813395251,0.7570271537030393,1.0,0.5113800628223979,0.5568755140148766,1.0,0.3536240897293428,0.9780128636491426,1.0,0.6798961315469378,0.8326179105319854,0.0
47,0.39669303314233506,0.9733874025028687,0.0,0.6747883912273684,0.5922435158254743,0.0,0.6079118458657442,0.8859566807891065,1.0,0.5154063059778852,0.2833310024500557,0.0
48,0.5248664682378598,0.6276391055415022,0.0,0.504021083472443,0.2836065486843298,0.0,0.8940776505938092,0.43941247031307706,0.0,0.8413856827217344,0.9480183416649551,1.0
49,0.6105675628661188,0.4814173614497387,1.0,0.7926171056055497,0.31018996092734397,0.0,0.5688626865926046,0.7419142670251261,0.0,0.39890566584630693,0.6422155535754874,1.0
50,0.29013575270790437,0.6077093567501602,1.0,0.7130574160053081,0.3658631879559484,1.0,0.44756300845122776,0.1938844739016824,1.0,0.44240774328939925,0.33489324416331834,0.0
51,0.8700906046526905,0.7260695666589289,1.0,0.8528296788465495,0.19705444717958553,0.0,0.6171716988087146,0.5964785160850918,1.0,0.3282574784254042,0.4529875543647037,0.0
52,0.2826154435567332,0.39016186837066114,0.0,0.32096479425422997,0.7434229274646683,1.0,0.06534665319555633,0.8379630433139574,1.0,0.1876162575277912,0.8234797898681784,1.0
53,0.08935431312425313,0.2974345963836199,0.0,0.8657113946610523,0.3009237170240119,0.0,0.23721875533223347,0.29129487013751254,0.0,0.5469206980919598,0.3893762059796302,0.0
54,0.8732977016730671,0.43000876809667266,1.0,0.42745275432291885,0.48881198251718605,0.0,0.3339021327298036,0.644849357393181,0.0,0.7348261215956531,0.3857286142697234,0.0
55,0.6010509620460146,0.8149499706857914,1.0,0.6661186474235721,0.25303287733168156,0.0,0.9828322682157704,0.09298896696603587,0.0,0.8412067141266891,0.426492430201708,0.0
56,0.4399413901153898,0.42931702767306223,1.0,0.3840187520452568,0.5912922339366028,0.0,0.16038613706163474,0.2353027656852157,1.0,0.19881300512192313,0.2551868240080323,0.0
57,0.046865646101055924,0.3137783560399092,1.0,0.9896128441984595,0.9068420387128692,1.0,0.9622505935870546,0.019378235661127063,0.0,0.9173978852317715,0.39276228596579654,0.0
58,0.6237930454564264,0.057730787540070105,0.0,0.9041438277732963,0.8821318148837303,1.0,0.5601441259107391,0.3839514411970595,1.0,0.1699834898138286,0.15483369649070955,0.0
59,0.2727073290333537,0.9051374533307196,1.0,0.506501891677087,0.24449588203944295,0.0,0.4264651177973351,0.558630465755322,0.0,0.9130307424471108,0.3104695540716267,0.0
60,0.9164790096679497,0.21134511524041277,0.0,0.13631574293878856,0.8812273722847446,1.0,0.8668322530395945,0.03763747699258102,1.0,0.16891685978381876,0.9660612151527234,0.0
61,0.8396899299966014,0.9592107146893974,1.0,0.6155569903448508,0.17399133954366408,0.0,0.1513437709197546,0.31514561583926526,0.0,0.3872839817419309,0.5562404705933612,0.0
62,0.5030690108177267,0.44564872790024845,1.0,0.5455369174254981,0.7908582065893107,1.0,0.5230139635218121,0.2970589291382377,0.0,0.8849770610367057,0.6777907771194066,0.0
63,0.2747878099237767,0.9570653418738095,1.0,0.9705640289444425,0.04246582673952359,1.0,0.024336240937340325,0.31520194702529314,1.0,0.10451615789763347,0.7890148870192415,1.0
64,0.9758682396876578,0.2531336159833055,0.0,0.2518162190465135,0.0089035170116053,0.0,0.4397393444802058,0.49473595518777436,0.0,0.1437815153974321,0.9661157386987094,1.0
65,0.5214855998694116,0.6937213827520188,1.0,0.6533546515105879,0.48744122329712924,1.0,0.04212823607758309,0.960380985073566,1.0,0.14883843359785076,0.827617426302661,1.0
66,0.2913158343140678,0.3162022198829463,0.0,0.26288084935269973,0.753451642265552,1.0,0.10861378751033812,0.6362147190562464,1.0,0.5755452351917443,0.5066834872183305,0.0
67,0.12045156886669228,0.4265385394651533,0.0,0.7940516561786409,0.04526171657305045,0.0,0.9912764673063639,0.929629762405812,1.0,0.6588724912050968,0.9900691404673142,1.0
68,0.8671192990338062,0.12589991190121685,1.0,0.42201842863894623,0.5568590313760238,1.0,0.31443107113418756,0.1521575418193527,0.0,0.3391079628479453,0.3312671535473325,0.0
69,0.28180715838318793,0.8676765804697335,1.0,0.1974572462340476,0.12430535518821106,0.0,0.40055941683073193,0.7056385979680504,1.0,0.2648009811678854,0.058282654820077884,0.0
70,0.7491469084439726,0.31276834234291484,1.0,0.8390510882737651,0.8397308033513377,1.0,0.18531708188242912,0.20979144965166763,0.0,0.04443835173230459,0.2594073355261155,0.0
71,0.8364933086118944,0.40799415748947343,0.0,0.21399927661527385,0.1884951707698641,0.0,0.3039604105987469,0.21458043062405507,0.0,0.18333060969994752,0.22245625481871756,0.0
72,0.12060789831377594,0.654774656097262,0.0,0.9789559558388952,0.5193107237893972,1.0,0.9291377826453092,0.5153804221865405,0.0,0.8123321521378628,0.9969447221307981,1.0
73,0.5552902679661998,0.4007709238146744,0.0,0.6543428701664631,0.5078618291137856,1.0,0.701319892344731,0.3353396501388205,1.0,0.3038258889371722,0.47229405710276084,0.0
74,0.9074456669937024,0.2695255397420876,0.0,0.18792970656642105,0.8634058810151855,1.0,0.485791189494582,0.985704572820605,1.0,0.8612257042433568,0.7187759517580108,1.0
75,0.38746031607010034,0.1616080925072414,1.0,0.59491407466268,0.6689226048812826,1.0,0.088501591646993,0.7087256778726696,1.0,0.9286366830993579,0.031838182643643576,0.0
76,0.3156299135774462,0.5052945385697265,0.0,0.16770113185992785,0.8866494439960051,1.0,0.05911576368906979,0.8414690366026859,0.0,0.4510711693867363,0.735236679749138,0.0
77,0.4799616966136302,0.3870138051590507,1.0,0.8851653498852015,0.40906598043314113,1.0,0.9850749905330871,0.3019988347316267,1.0,0.5126303250751374,0.3639492426653532,0.0
78,0.048103752994826166,0.09776852024500293,0.0,0.9830049946663734,0.6502886346696084,1.0,0.7483284465641833,0.12353851962074902,0.0,0.2848884341869927,0.8565834541215527,1.0
79,0.036486235723624194,0.7102141921781105,1.0,0.9148848723653157,0.2298389816939378,1.0,0.4267000320950074,0.22078513172668446,1.0,0.025886232875469095,0.8640651543110642,1.0
80,0.8528372395303612,0.8186046843696022,1.0,0.22817650957193714,0.38045607978364304,1.0,0.5253939133247583,0.16322483598388915,0.0,0.5406047309182801,0.9243493576953108,1.0
81,0.2838056632605084,0.689409722846973,1.0,0.23057243627280433,0.14164247985173606,0.0,0.34726593600363675,0.7968644637524694,0.0,0.130024531468233,0.035251467046574336,0.0
82,0.4078711516263265,0.7340477931172786,0.0,0.6144234378609083,0.4510761959874914,1.0,0.6829326332743388,0.21787585020531264,0.0,0.7664750903499579,0.56854282874133,1.0
83,0.37922068417663257,0.42226083847730833,0.0,0.9708046094946498,0.06152132894851148,1.0,0.4604363061013812,0.4571485261967859,0.0,0.7692107714137445,0.9975790734703949,1.0
84,0.4476226290564911,0.44333054853962683,1.0,0.8845237347970992,0.6699825025682867,1.0,0.006408644239593753,0.12836029075179078,0.0,0.8285314799382054,0.05678395295981031,0.0
85,0.6308467189400415,0.7240790300589862,0.0,0.0013028724935515434,0.1387446135448014,0.0,0.26533792216648533,0.2265161040770185,0.0,0.905180615531668,0.8032451345098748,1.0
86,0.7087224726421505,0.24852362743473122,1.0,0.4041816459854246,0.4559914939867675,0.0,0.6923796668080112,0.9353526150805936,0.0,0.9457990248837033,0.42026019006629534,0.0
87,0.7761503143214121,0.3787027794464686,0.0,0.6401465359292563,0.4267860324101157,0.0,0.9432102339546795,0.2623545063460784,1.0,0.9053082217010757,0.3493536488589837,0.0
88,0.9227563306761667,0.9171337859021,1.0,0.38953333912492794,0.6409113074322478,1.0,0.41253535740934066,0.8061734713670703,1.0,0.7931958051541194,0.5360733660787758,0.0
89,0.7791652882833529,0.4097334710722186,0.0,0.645282029380958,0.5770861825095671,1.0,0.2293602774420993,0.6155850294300802,0.0,0.5964133336382689,0.2563962594064384,1.0
90,0.5867097384656637,0.8949433429830614,0.0,0.2470627763770995,0.1327112685225006,0.0,0.682276340139668,0.3079312953030334,0.0,0.009547485613161433,0.3894711905076489,1.0
91,0.30324565760049216,0.5239294714099112,1.0,0.9409967273922516,0.2953592458397002,0.0,0.02638433157827702,0.380757676625204,0.0,0.83914733762599,0.6532888225995878,0.0
92,0.22834545404110662,0.7453365693394023,1.0,0.9156793035217277,0.21169366927340028,0.0,0.44505893400757357,0.6983380503318307,0.0,0.9423794580505879,0.9133592543486062,1.0
93,0.49982339310959445,0.6122177988167333,0.0,0.8934252785694716,0.0947671234574129,0.0,0.22781194104808666,0.4786754548797506,1.0,0.05470550862865442,0.5690368639666505,1.0
94,0.9027550027198676,0.08254205897986155,1.0,0.15523426201187418,0.7296009991473785,1.0,0.5598336029490039,0.9477992345774514,1.0,0.9531439269259347,0.22632534611138666,0.0
95,0.10468793458810755,0.005098654053886875,0.0,0.6109754861998515,0.6764522536420241,0.0,0.3841724685126854,0.031057063548807884,0.0,0.22448779121632412,0.7450595267447705,1.0
96,0.6213341152144974,0.3316247592785678,0.0,0.8243535826924479,0.780291364718162,1.0,0.24116908017351135,0.7139406711053237,0.0,0.2886842110469975,0.919431910334917,1.0
97,0.6179467582918667,0.27890001621540983,0.0,0.7418182287397569,0.7417521323403394,1.0,0.33893084002263885,0.09135586762955639,0.0,0.8255705718634619,0.37027507248047287,0.0
98,0.2264160925874027,0.41700122915631044,0.0,0.2647975751866347,0.1219893287402335,0.0,0.6937613277593849,0.20598698925849568,0.0,0.014582562887080708,0.9251591856498478,1.0
99,0.2850883837678637,0.8145088522339196,1.0,0.7004133689546258,0.4524665042804753,1.0,0.13226689874217923,0.6799455366630794,1.0,0.06473993089777375,0.9290910775654123,0.0
100,0.2576107556223963,0.6277572996226786,1.0,0.801385897416608,0.469260306869678,1.0,0.9067228446494793,0.5042632593340148,0.0,0.31871208343058344,0.3105137322344741,0.0
101,0.17633763910159672,0.5270747236531453,1.0,0.3566600373179205,0.27624156970603697,0.0,0.7513712521478815,0.21481732703867085,0.0,0.21261660018334694,0.07226204037360584,0.0
102,0.9672459005977727,0.796514049371238,1.0,0.8791756890851443,0.15048824756480694,1.0,0.7073025100243762,0.8713374780607089,0.0,0.7625110726451001,0.9225532516251198,1.0
103,0.7285637499267485,0.6050010362537855,1.0,0.19065427275156288,0.2499473136760315,0.0,0.4323482968780027,0.5427439229425197,0.0,0.5813031641357811,0.6357002929662868,1.0
104,0.18328324462543755,0.05927031720560727,0.0,0.9333801869809979,0.3887724730352933,1.0,0.3329433633513408,0.9935620095224753,1.0,0.023413823549578328,0.6235806254237874,1.0
105,0.3747477333546818,0.13111811723411948,0.0,0.9982426154731585,0.9545172572363319,1.0,0.35260517411565817,0.766405545287607,1.0,0.05561482685534802,0.5554436430561326,0.0
106,0.8108801997414551,0.13303029204649264,1.0,0.7883263055792122,0.5151175479623861,1.0,0.12032040291109902,0.2244849701321988,0.0,0.9560294143232106,0.09095189384579583,0.0
107,0.5946893709616615,0.7745978582537243,1.0,0.2403779867103767,0.7907630527191789,1.0,0.7960625142400254,0.7007198159244932,0.0,0.784890247455886,0.23043909266572404,0.0
108,0.2018876285656389,0.9330170732430592,1.0,0.31001501189779124,0.7002166891795989,1.0,0.18667130922672104,0.2150219378660604,0.0,0.18169132181152414,0.63392404500536,0.0
109,0.05750063959279372,0.3532397553666522,0.0,0.36577950910275536,0.6654361124120818,0.0,0.6520010367762019,0.734876284172125,0.0,0.44116091002650015,0.2753219170743897,0.0
110,0.03249909364137071,0.13943706936269484,0.0,0.48838531763302795,0.36745549377865894,0.0,0.874090781749567,0.18996183375496878,0.0,0.8774577768655994,0.41989047562807835,0.0
111,0.29550299860511087,0.9792074627358411,1.0,0.9396091462819746,0.712772625671508,1.0,0.7181359265487018,0.10258892561954935,0.0,0.6083173229215783,0.7889178339988897,0.0
112,0.5403310956837936,0.551340916197476,1.0,0.05773622352800456,0.6470383413611975,1.0,0.04065666797932943,0.48654179043203694,1.0,0.7626449351007805,0.5514250643735059,0.0
113,0.4588045123446435,0.16753546897142169,1.0,0.6881293538365112,0.20496608969000463,0.0,0.18112847116791397,0.08314281618256036,0.0,0.2628223105913463,0.9428108598988277,0.0
114,0.1910253813573184,0.35304313418011746,1.0,0.6575591111512123,0.8357905206636058,1.0,0.8030329332775563,0.9455486467526087,1.0,0.780717032797765,0.9842249311040273,1.0
115,0.27220587328644796,0.012939050908057914,0.0,0.18027248824368447,0.42952754675608873,0.0,0.5655371094139087,0.3236046359383238,0.0,0.8454238774732401,0.9619413245808088,1.0
116,0.2612962142731795,0.10733694481204581,1.0,0.7470129125846967,0.6178969927091843,1.0,0.5465213860865533,0.0027134958175561996,0.0,0.4268116321517158,0.23729802476752415,0.0
117,0.19755346450630384,0.7966093383410457,1.0,0.40742242006816376,0.7815544816143125,1.0,0.900928445704188,0.46169591955772615,0.0,0.5577304561489816,0.8596854297032335,1.0
118,0.11938921174624095,0.6615306282897747,0.0,0.9238847197818539,0.3667549984241083,1.0,0.26509104122484206,0.47481511595731696,0.0,0.6531273151093226,0.6708851647240475,1.0
119,0.27134872437077595,0.03488607536513322,0.0,0.4279602467272773,0.4555636239941372,1.0,0.8377878245404509,0.8840724736204358,0.0,0.9084327679767117,0.4101607948296828,0.0
120,0.42601216185642954,0.24066278050601841,0.0,0.9666756887616528,0.527492217271747,1.0,0.2743275626527929,0.4516331912816265,1.0,0.3062433729533601,0.5267940892810681,0.0
121,0.9307819192014845,0.9995250680507018,1.0,0.15178269996122262,0.8502218732772514,1.0,0.7217997833685719,0.09974136977675852,0.0,0.10338670044256049,0.05598166569580443,0.0
122,0.7272442326227786,0.5769221712831997,1.0,0.2856434693077933,0.7547023652310727,1.0,0.41484461237284886,0.869491263159002,0.0,0.8968412024505906,0.6442575345194581,0.0
123,0.7575617326282018,0.8357072201241126,1.0,0.8791952341699749,0.12715473081335538,1.0,0.5614073018389063,0.16329822284458484,0.0,0.38723568825015686,0.5561415187264237,0.0
124,0.9701089292933311,0.8451663364103584,1.0,0.606792676711919,0.6376389990760659,1.0,0.23032453362014527,0.5209948581203773,0.0,0.7153061662617471,0.1652213804458691,0.0
125,0.668834887740625,0.7149679716665762,1.0,0.06398597162130337,0.7440428019454203,1.0,0.8695707341364782,0.308425595859511,0.0,0.49847611877405573,0.5821493835613859,0.0
126,0.5007297383043863,0.7203644373513688,1.0,0.3376076448346551,0.6843365265766956,0.0,0.2910227306511761,0.2582067542279324,0.0,0.8340089124526188,0.9893148897244034,1.0
127,0.11488563916345662,0.7627304479877226,0.0,0.3705390582448662,0.14534501201734684,0.0,0.8675730860926496,0.05683607802833002,0.0,0.6559023577279558,0.9573395485633989,1.0
128,0.7993846808345002,0.6353361694815296,1.0,0.5914611615294174,0.09311048581754477,0.0,0.0799607053065462,0.42542236896884944,1.0,0.3146827339758814,0.17201839850284373,0.0
129,0.8953158079243535,0.5145079352105968,1.0,0.8117365337006757,0.3879657298845812,0.0,0.33091964930762874,0.9082927997021548,0.0,0.4900234316978954,0.06198853506388624,0.0
130,0.13396522356444585,0.278516357142533,0.0,0.053829014552270404,0.5300847839920286,1.0,0.6381152184175279,0.9246048338966691,0.0,0.9990687879143461,0.15109255108385666,0.0
131,0.0815748992754991,0.664422004221398,0.0,0.33884337797183517,0.3767194381861434,0.0,0.8020016867117313,0.6954781661405995,1.0,0.9840047795323442,0.7676068354689425,1.0
132,0.6236542240179822,0.020450892586483693,0.0,0.9212123869887788,0.4053784287269431,0.0,0.00039822732082839263,0.933119982817576,1.0,0.9933266462131535,0.8355030660130806,1.0
133,0.021836526665135025,0.36079415854882446,1.0,0.17020570668315915,0.2922301249790613,1.0,0.809606580837898,0.9327346328846186,1.0,0.9774127690075567,0.6874326252843096,1.0
134,0.260260721459427,0.012137644336202236,1.0,0.8620292649186522,0.7462576451646805,1.0,0.5424037635313744,0.870491875601718,1.0,0.12465956881840667,0.4921989186762339,0.0
135,0.6441425918678643,0.2968476281801494,1.0,0.368505706708832,0.30949414345460624,0.0,0.9366713764619212,0.42287104221374283,0.0,0.09828785029872189,0.09094252992601326,1.0
136,0.10017764746329216,0.796845388857864,1.0,0.2671037034823319,0.555110723003842,1.0,0.8112464132222851,0.4917185580901565,0.0,0.3553841554781949,0.7401534335327665,0.0
137,0.9635706832365613,0.5842979789735133,0.0,0.05581298425733083,0.36303646879069285,1.0,0.7014521923197456,0.8838446042971319,0.0,0.7919597428634259,0.8955654067914459,0.0
138,0.48340917335746303,0.5704566582061223,1.0,0.47589580250648034,0.0038658680740633056,0.0,0.5326034079680011,0.9961995581663444,0.0,0.6934413679913134,0.23833014659064966,0.0
139,0.966116066235038,0.5133167261890333,0.0,0.08095003423333802,0.8728250546921924,1.0,0.25314502029924446,0.46447166873787993,0.0,0.5112626741777002,0.8529143921795592,1.0
140,0.34403607748069953,0.7316499338263465,0.0,0.4198442949576924,0.6194940894188334,0.0,0.9925255643864149,0.41617163980174376,1.0,0.5293227727974071,0.516296169339715,0.0
141,0.4313357514795211,0.4094401977351664,0.0,0.319278743663143,0.08629789862888859,0.0,0.9583785722449523,0.9836071012818446,0.0,0.8939251932153133,0.6765774635251249,1.0
142,0.4311932683796882,0.7099382157282589,0.0,0.6329351214192899,0.01717182983765375,0.0,0.7113500069572368,0.4265238171441682,0.0,0.3640176930901118,0.7232823579473332,1.0
143,0.16096058142046576,0.5823065855030933,1.0,0.6853334811595159,0.9104472200867546,1.0,0.7396162342370394,0.44756149061712447,0.0,0.11947512386273007,0.5229069758520394,1.0
144,0.10693415644188253,0.911046924945317,1.0,0.6210081797382102,0.841967482206279,1.0,0.4839977316870113,0.19019006235397484,1.0,0.294981643174249,0.6388990422456229,1.0
145,0.04966114614561101,0.23544050458354193,0.0,0.5985027197665203,0.7103815347747978,1.0,0.1325430938119595,0.8341105450252887,1.0,0.7518797098946717,0.40237895980628513,0.0
146,0.3889393800381542,0.6354211959568248,1.0,0.5019087484149459,0.5384876904336157,1.0,0.5894818497634261,0.06650675635783077,0.0,0.79622475870439,0.9211629666977057,1.0
147,0.8572054542423263,0.6376692336836299,1.0,0.7597222102980655,0.678008265774763,1.0,0.7106448111125029,0.8888057662467975,0.0,0.6519355095803978,0.5104185616637363,0.0
148,0.6391787767541891,0.6904641544732126,1.0,0.8451578353869958,0.9183749429246519,0.0,0.3622029647446625,0.2313828581973405,0.0,0.7303127882333759,0.22512306470334742,0.0
149,0.30721892356018066,0.6637297762820633,1.0,0.12206986506922413,0.15419770622596118,0.0,0.35280266355120227,0.12407303072767395,0.0,0.9975809364640706,0.22975586696337447,0.0
150,0.18650724938006336,0.6709813297301583,0.0,0.9046013774555212,0.6325393771552764,1.0,0.9239794356642751,0.1642399345002572,0.0,0.060437947774107825,0.7034987324050601,1.0
151,0.06529059172131246,0.7610042834228803,1.0,0.35154550919250827,0.3906205176931402,0.0,0.9974146617006646,0.16822062793068238,0.0,0.49182652387464043,0.6826961079006585,0.0
152,0.06557946261348813,0.3002413819645203,1.0,0.5430958669350777,0.6584702425111758,0.0,0.36641836752886525,0.06011275819735984,0.0,0.2971181422690937,0.9021453680012136,1.0
153,0.5502445943563594,0.43991431154674676,1.0,0.831478075325341,0.7093567285775597,1.0,0.6373101492876966,0.22112036446292693,0.0,0.8314447026974543,0.8664916470864084,1.0
154,0.3468745310505439,0.2397979362223207,0.0,0.8291527432758413,0.17637428516540654,1.0,0.21510261104613093,0.4200849674138486,0.0,0.20327680152127492,0.5751588425438015,0.0
155,0.839953448231678,0.622414144098861,1.0,0.7572783790418139,0.7351448440734235,1.0,0.6211417318684427,0.14664276465400528,0.0,0.7268831210868506,0.1756973597633843,0.0
156,0.9199259737949512,0.6985308513442244,1.0,0.5727781826163648,0.4307196897506219,0.0,0.2531489415341146,0.5715018113906718,0.0,0.22980498910394176,0.8169891773003636,1.0
157,0.11388728348646604,0.051804642362509146,0.0,0.6015635313613252,0.972086782418478,1.0,0.15933044527192053,0.9907823810018545,1.0,0.7719183797764383,0.3671321142832987,0.0
158,0.4595219383145017,0.5326824109022572,0.0,0.9907215071189739,0.7929806832325876,1.0,0.2731940743333161,0.4109124246069875,0.0,0.8162818221794133,0.5077428630129428,0.0
159,0.016959240016486188,0.3072223307541476,0.0,0.5620038833056964,0.14773211411911036,0.0,0.06303408569881419,0.04567829820682523,1.0,0.10698110329409816,0.4273342056304955,0.0
160,0.7069713809355028,0.7655195862932256,1.0,0.5482722279886446,0.8483756244274817,1.0,0.5960761298470698,0.8603426151805306,1.0,0.647016065514524,0.31604040684472834,0.0
161,0.6557634596754961,0.13137264139307836,0.0,0.35712476686778427,0.16640196110320105,0.0,0.09129853093005125,0.948886683620267,1.0,0.9006849793056078,0.29918741978153196,0.0
162,0.7873029660184417,0.751653720640295,1.0,0.07224414401210699,0.3446911400338779,1.0,0.4179668833294955,0.26488625153806356,0.0,0.025935864038841072,0.5163485010421276,0.0
163,0.9926297655634765,0.9687520740751205,1.0,0.6834352221780386,0.943590837744922,1.0,0.12456517747850371,0.773308951102945,1.0,0.5451294975809425,0.9836597712439958,1.0
164,0.3722476236543759,0.46386902575422273,1.0,0.1238560555972068,0.547926250469943,1.0,0.07499638046960044,0.9180148635855828,0.0,0.564933914895095,0.643222042883373,0.0
165,0.6362174090003435,0.8757895468177299,0.0,0.7061114447654173,0.5996205008082313,1.0,0.15965847115258136,0.8200478310018344,1.0,0.7799960330536864,0.9565982422255186,1.0
166,0.7935218860413337,0.8248372686305445,1.0,0.8459442326429771,0.8574940930324342,1.0,0.48411084952718886,0.42831911934591005,0.0,0.5619718979932998,0.9259852860927749,1.0
167,0.20152549765259653,0.9938199317987122,1.0,0.7538484898491251,0.43888512477094366,0.0,0.6248180410070888,0.4597494265486173,0.0,0.2698709072438279,0.6321462124674048,0.0
168,0.4026066365833242,0.7419328525035285,1.0,0.1526385954002195,0.44445072324888946,0.0,0.6473336321795892,0.8119496322915635,0.0,0.22868104913915066,0.5468734358518783,0.0
169,0.18573521022323025,0.4689277146661506,1.0,0.6455750774852678,0.7447773894698827,1.0,0.25820339934581327,0.6541860790307098,0.0,0.28371460123589565,0.26851819208598393,0.0
170,0.2831815716582611,0.7510269042138461,1.0,0.0724322773317102,0.6937369321636263,1.0,0.3216760983480069,0.075962805116493,0.0,0.5794550750637714,0.7501573942904849,1.0
171,0.7970423889482999,0.5993700882540186,1.0,0.31752211191836777,0.26091707345245085,0.0,0.7621604376035481,0.9714077504675392,0.0,0.41166569907183315,0.6537645524875187,1.0
172,0.16484352347356057,0.7012581296111173,1.0,0.11837702536946881,0.4544445140366177,1.0,0.7656428386122217,0.47781402590530986,0.0,0.397099658306748,0.3864393368756447,0.0
173,0.8229960292106917,0.4819183851595076,1.0,0.7986773193556305,0.20875934169934185,0.0,0.20389245416881396,0.34956005497092957,0.0,0.6219080360416861,0.9815499206219794,1.0
174,0.6298477453330087,0.8977299779245866,1.0,0.215928656409905,0.92097173939227,1.0,0.855763766182878,0.8229612755556148,0.0,0.2852493728487622,0.30108624967674846,0.0
175,0.17104360728697765,0.13555304167878623,0.0,0.41384382626191896,0.9553131220367,1.0,0.5212336971563347,0.09337296940171314,0.0,0.8232593692785585,0.6777290027712415,1.0
176,0.6125638309410086,0.17662727454193972,0.0,0.33679982654270013,0.23104703079669286,0.0,0.79087168866842,0.012125070735656607,0.0,0.8444033005723076,0.3080153924674378,0.0
177,0.15935183186099477,0.3482141453374885,1.0,0.4264118205435955,0.24439473764156328,0.0,0.8510235118888154,0.18045477938350674,0.0,0.8016782716936378,0.2338011235147256,0.0
178,0.48073391499943063,0.5480554431270365,0.0,0.5078498534257394,0.17063447890425731,0.0,0.5513108244782693,0.29768095839800723,1.0,0.46609181865100435,0.30874925318455015,0.0
179,0.15582302464744924,0.16390521325443586,0.0,0.7646960687229141,0.3554766130205309,0.0,0.7746391377083701,0.2904327541042063,0.0,0.900844619212259,0.9439518795599675,1.0
180,0.8246496204605476,0.5332976970251965,1.0,0.2671163196112727,0.15479366353042545,0.0,0.4464656908156799,0.36671487802936564,0.0,0.8312259502653928,0.19663365643328445,0.0
181,0.1483621964926607,0.8106416364544216,1.0,0.5676030473447977,0.3656283187046848,0.0,0.5810767211346064,0.9140220120294261,1.0,0.9479166769508316,0.12404989950483059,0.0
182,0.5729164447206586,0.5464163350983529,1.0,0.6081906587321441,0.7684397554849836,1.0,0.12177768159266211,0.2767596810048366,0.0,0.7559817116902888,0.8365480530498638,0.0
183,0.8541052233474328,0.37789241421855946,0.0,0.3119417252435046,0.8121185027089609,1.0,0.9180625762891794,0.6801383724963154,0.0,0.2500533551426698,0.24152733982179675,0.0
184,0.5940068046342879,0.3790605569219616,0.0,0.20830291794494638,0.7153874513587628,1.0,0.7381334670787952,0.7454932984402027,1.0,0.9744180988321726,0.7423598588662892,1.0
185,0.31203161689022707,0.21478188891606864,0.0,0.8677810947849877,0.9589594962479535,1.0,0.35376202087357156,0.8403277793675087,0.0,0.7992674136035575,0.029329239268065743,0.0
186,0.25609430033115044,0.8419648947996229,1.0,0.2020586975726537,0.08572158245452755,0.0,0.7959016876298015,0.0960298072326391,0.0,0.5036921839422184,0.22002032162864693,0.0
187,0.8848610745539701,0.7708946681754736,1.0,0.9380082701391276,0.5597389062875454,1.0,0.0962137240209805,0.033217929474078645,0.0,0.2157655655666002,0.6392386887155602,0.0
188,0.3834695295352477,0.0222035586831566,0.0,0.08403219010475738,0.3478335557010819,1.0,0.7380986144630102,0.6418424366644607,0.0,0.2578156369570067,0.7409752938107894,0.0
189,0.7364786009829447,0.34310464842489796,0.0,0.051505587739808734,0.17792012379432742,1.0,0.2954987808538354,0.9570409823778161,0.0,0.5026721530696868,0.007951242185907481,0.0
190,0.3488160088772102,0.2959803226012838,0.0,0.09010278887859069,0.2638806798076514,0.0,0.08142770014259726,0.3026765417276137,1.0,0.733425404883213,0.830026002412572,0.0
191,0.08916336614000575,0.7521205991641026,1.0,0.033967876926177976,0.31312768602808216,1.0,0.6749563455989908,0.9994955279412493,1.0,0.3022267477432995,0.6852713740131867,0.0
192,0.408380375398976,0.1327742672153701,0.0,0.9477634939325245,0.9814457913519523,1.0,0.6049988881517793,0.5921638734167666,0.0,0.08235553284177255,0.7881521483768846,1.0
193,0.334414273181726,0.7607975045120835,0.0,0.48391402095230496,0.5525858185585139,1.0,0.6672914907445568,0.1575122473713524,0.0,0.5161047622735441,0.8522362658505733,1.0
194,0.9696310508632718,0.9164401183845515,1.0,0.8212211616146902,0.9818406555661863,1.0,0.018565773355428417,0.3172710787268058,1.0,0.054401866447638225,0.4193317968064111,0.0
195,0.38657864735512193,0.6571346812150691,1.0,0.16263932218638177,0.4788117004059418,1.0,0.10625032727408412,0.8324704030146706,1.0,0.8253308559754546,0.2774791030291003,0.0
196,0.7118705086593831,0.03454000242696709,0.0,0.6472110445057923,0.1943243083754007,0.0,0.27549440704609973,0.9985838543274524,0.0,0.7686559012719403,0.6860206833953112,0.0
197,0.7879250196407819,0.544345519593131,1.0,0.46133964150309825,0.6082020926172541,1.0,0.036742519352518155,0.803317972532066,1.0,0.6664399761916543,0.5708434180542377,1.0
198,0.162543457061313,0.02836299304372869,0.0,0.7773520354030746,0.8829388407260182,1.0,0.04068800683193197,0.31672972694152746,0.0,0.008830629973151649,0.35560663532486037,0.0
199,0.7574872201172531,0.6611245036603132,1.0,0.3208786104318424,0.4274236456189382,1.0,0.16272052256493386,0.3512362503684002,0.0,0.756548263489453,0.5287804004752317,1.0
200,0.27822323364689894,0.1796194112512952,0.0,0.5051896176328958,0.9200525849652318,1.0,0.9578168466058076,0.6814955970096046,1.0,0.4246143580231828,0.6432827098660877,0.0
201,0.5588068950383869,0.544026710117183,1.0,0.5646850525317185,0.9622147184439446,1.0,0.8011105823514711,0.8523368101224157,0.0,0.49811816958883315,0.46518115297742524,0.0
202,0.8470181658351263,0.536791382193319,1.0,0.8031348073015602,0.018668918599001216,0.0,0.2903221759080028,0.42663882320036817,1.0,0.45224074115192403,0.4765509789971494,0.0
203,0.2787299980689536,0.45914832227142566,1.0,0.5336253516330984,0.765359389553537,1.0,0.15823314536679955,0.023667160857321345,0.0,0.7640353639013865,0.4938760708851746,1.0
204,0.1839230975578413,0.560747201815229,1.0,0.7126021370344713,0.16307779350672125,0.0,0.8809345720392865,0.21371630989033608,0.0,0.7296026984875588,0.2803995532375537,0.0
205,0.9242052133309242,0.6501700008686967,1.0,0.5603630224306139,0.4742837908578962,0.0,0.3424734626636753,0.6570476590739868,0.0,0.8826614430437303,0.535067080868348,0.0
206,0.9926966428664161,0.7542723940121071,1.0,0.12384958344941055,0.1800925021383719,1.0,0.1513551206110243,0.8736873640398418,0.0,0.5864246008024024,0.23966449235291332,0.0
207,0.19486179803203396,0.7381013449606423,1.0,0.7655646313375261,0.23925215130780098,0.0,0.407002516313694,0.9213059839909211,1.0,0.9618056489418195,0.28742553001351456,0.0
208,0.9465504812850359,0.7638411384769442,1.0,0.1928150474685063,0.03125458951261462,0.0,0.8211369250557151,0.14248073068533473,0.0,0.016446089348423953,0.7883698643123276,1.0
209,0.41616960446107387,0.24770416691976926,0.0,0.6203592982045248,0.4624947859678692,0.0,0.7245271901618457,0.823719418552585,1.0,0.8344341638871768,0.912655967016022,1.0
210,0.9196290123367191,0.909460598200695,1.0,0.7570183067653223,0.27783619321788566,0.0,0.8816663252922735,0.4267348242463389,1.0,0.6604109744845503,0.8183362503242806,1.0
211,0.7833856528956069,0.9373866679079397,1.0,0.9545609498237597,0.9238350103670198,1.0,0.4925039589654213,0.6445760601340486,0.0,0.8985100605207135,0.22068212978834723,0.0
212,0.7420079079662517,0.4311474057173812,1.0,0.03352173407523118,0.6518282151913453,1.0,0.22813311726152286,0.9103695744604782,0.0,0.5773649191425396,0.09272249149291867,0.0
213,0.30189894224870695,0.4594859088364055,1.0,0.4320382011366224,0.7916235710889603,1.0,0.9228809310677373,0.8119234652810912,1.0,0.6248752409587911,0.42971639824352004,0.0
214,0.6115821706102812,0.9103829177595228,1.0,0.9815238852723559,0.6220022178263775,1.0,0.40953872057219287,0.47563724416586206,1.0,0.8496478700240552,0.4029939252356972,1.0
215,0.34669308959024214,0.5771466283821736,0.0,0.003966051593710107,0.7675456195166005,1.0,0.9215723768093178,0.1700010001786435,1.0,0.39065552628743583,0.0018270799782206248,0.0
216,0.5410843689840996,0.27017584887227153,0.0,0.5355576932307596,0.22924926083135722,0.0,0.554580846816603,0.04315897395826018,0.0,0.11778859004993092,0.3952213062069818,0.0
217,0.977249768561205,0.9547246319001427,0.0,0.08557770360545691,0.17146270558177323,0.0,0.7667009965049634,0.276070506395774,0.0,0.21909342863564008,0.41529767363522563,0.0
218,0.821021774798214,0.40754962726557575,1.0,0.1655509068517914,0.4823478250820763,1.0,0.7540492982514931,0.6298498078743088,0.0,0.6409682068795446,0.7872627804810602,1.0
219,0.6526216152622782,0.6752954223240584,1.0,0.5826985995666623,0.043677621765373265,0.0,0.23941126054664075,0.6776552957760515,1.0,0.4067653749058765,0.9698172483208524,1.0
220,0.19334590654413175,0.6033062296139005,1.0,0.5676439666787584,0.9497592950189339,1.0,0.3607502882319218,0.3103763321537151,1.0,0.9672207408673881,0.6299660023470226,1.0
221,0.8553573460365874,0.5494889150752332,0.0,0.5128467730277285,0.7308778361496692,1.0,0.7349721969898175,0.5839408662035458,1.0,0.18653611217745147,0.24828344707587813,0.0
222,0.07803274613630029,0.8728330396524776,1.0,0.9755292576741511,0.025944536088594705,0.0,0.6122443625318484,0.8001897553114715,0.0,0.2988938215317283,0.0813622772132353,0.0
223,0.9298985828754234,0.9435685526533079,1.0,0.2133478628839316,0.24026771375882305,0.0,0.4073242654228385,0.8407931189209548,0.0,0.6916589339987254,0.9895151887589562,1.0
224,0.5266215015392326,0.9016069778926719,1.0,0.628595615177868,0.45171295838038994,0.0,0.9197658504741631,0.003814657234169072,0.0,0.6687473335240665,0.5897354415473222,1.0
225,0.6941351104111548,0.42256068294402505,0.0,0.19908152657014722,0.04818723709728323,0.0,0.6207393663224081,0.026449448841514567,0.0,0.46473648498816567,0.7666842758137037,0.0
226,0.13607367813267168,0.32054747819530593,0.0,0.40983448439968884,0.31510244141538846,0.0,0.10603647866537458,0.9638740068072047,1.0,0.7365242994561063,0.39139550165317893,0.0
227,0.2609070951061421,0.02427048345002314,0.0,0.5944269596603494,0.5965893925747127,1.0,0.3107741740721167,0.4641272177381023,0.0,0.5602917332895346,0.179193523790658,0.0
228,0.25222131559112093,0.22575787439699457,1.0,0.5074370256742203,0.7539797739201791,1.0,0.9273682258259249,0.5406077673450318,0.0,0.2259047440421268,0.7218172919587245,0.0
229,0.911245929978846,0.5187472280365724,1.0,0.19708923439524983,0.8887857077187469,1.0,0.3688493909379432,0.49327094497730306,0.0,0.6571515094838016,0.2732903449604288,0.0
230,0.6135728623422473,0.04861470925634259,0.0,0.006178463707278925,0.20842641279537322,0.0,0.9507077170717446,0.4948357364712005,0.0,0.8916091601991788,0.1500754567715431,0.0
231,0.6756761437165794,0.6984691004687984,0.0,0.5250091221034126,0.8970714177229323,1.0,0.9523441220112623,0.8182755770713295,1.0,0.8259270842607558,0.34352636323159214,0.0
232,0.595013620453362,0.5234605259420918,1.0,0.6275809570485463,0.24719656497488807,0.0,0.9177692612403204,0.6330089752059094,0.0,0.0342789702609837,0.0706837848990608,0.0
233,0.11153094616037151,0.04094790631932288,0.0,0.397105860975033,0.5972803875911152,1.0,0.9446228223387005,0.5093018763909808,0.0,0.06107377761124899,0.8472674300115983,1.0
234,0.5905579008735659,0.8732859420699346,0.0,0.20378423235677212,0.5094555716416126,1.0,0.7879641100976658,0.9116487507895497,1.0,0.17038404394989937,0.8445585429937013,1.0
235,0.2538903665510581,0.32444468643254587,0.0,0.5214775697666054,0.7563091979457502,1.0,0.5391061235493277,0.5442748491021259,1.0,0.7397284081887251,0.4402451647115775,0.0
236,0.5875414803964359,0.14404248903751427,1.0,0.7132817529845928,0.12439058749071452,0.0,0.9463387958995463,0.7292644639547309,0.0,0.4124313766236598,0.5840812109491008,0.0
237,0.7625525369346913,0.05792037316475407,1.0,0.7602483410000751,0.547351505296199,1.0,0.8057547265721926,0.6195223254269759,1.0,0.7310397083208586,0.42357142869207765,0.0
238,0.21828178941078458,0.29724543198202924,0.0,0.7832890562825907,0.9249314779054597,1.0,0.8889313519776267,0.07731805922753465,0.0,0.15265044263826943,0.3471324915638614,0.0
239,0.9422976415923591,0.9053940826337172,0.0,0.5056510108671051,0.5190349127416102,0.0,0.9065131167280605,0.25168937135896163,0.0,0.7844911599184357,0.4469679647495389,0.0
240,0.02318354666812572,0.44613927811691045,1.0,0.6414966258586217,0.5873135799343667,1.0,0.9922557923150862,0.26332587817341024,0.0,0.6255981747358306,0.46912134700250296,0.0
241,0.6267530343607398,0.6244940118823684,1.0,0.16734232255698156,0.9582833587362256,1.0,0.7717501628301864,0.5329452141636571,1.0,0.8834862530846829,0.3141903305905629,0.0
242,0.679408414866158,0.7992733313587117,1.0,0.6601406856201385,0.8821446231736547,1.0,0.5521639939666232,0.7283036819673939,1.0,0.058131124440785276,0.7548977906485318,1.0
243,0.1134477957722676,0.09359927357575193,1.0,0.2513910895488922,0.0926079768193635,0.0,0.3713276105536919,0.05325775768702157,0.0,0.15627254954581538,0.3778030670608469,0.0
244,0.4021366063156633,0.6032342986590082,1.0,0.12980388420334665,0.9504384890362717,1.0,0.7301346035393037,0.2260075320947299,0.0,0.6043145359991736,0.145872408029729,0.0
245,0.43410394378493145,0.9378069351321485,0.0,0.607200306306736,0.17890618531844993,0.0,0.9408043455347722,0.8715457519146066,1.0,0.6599902152393031,0.4912724894128113,0.0
246,0.9513254027350587,0.9358862509174044,1.0,0.603355133976255,0.3678929746562726,0.0,0.6676455572890445,0.6826988648317412,1.0,0.47684106709515384,0.5062651820025763,0.0
247,0.7402240539149262,0.9854536438382298,1.0,0.32927164211580917,0.35683279981583926,1.0,0.26710700167535295,0.33870529999411403,0.0,0.5829808897122406,0.15246945681641955,0.0
248,0.5806028482873254,0.29961828236474797,1.0,0.5775317594255478,0.46359299318507274,1.0,0.024949464148670053,0.6668025587866647,1.0,0.41389694125208254,0.5247288025787976,0.0
249,0.4641616841016484,0.4655000114501593,1.0,0.7057619098212436,0.1450092635379262,0.0,0.9270317338870507,0.016702066468673005,0.0,0.8252944000892057,0.9717318536119467,1.0
250,0.2432158333952178,0.7455562891666753,1.0,0.7464264563005795,0.2394851141427108,0.0,0.8489897767771805,0.9919165719719852,0.0,0.09594710683895569,0.2313024352997236,0.0
251,0.0905053479600546,0.3065409845724061,1.0,0.4123921433348504,0.7512313878707781,1.0,0.06573907252054945,0.6179887573082042,0.0,0.9266660094970831,0.8417531640634862,1.0
252,0.7922336761032766,0.6804656714320838,1.0,0.6156014065808173,0.2122773283633258,0.0,0.33191378884731704,0.7237166718102283,1.0,0.637858463861971,0.9228795274478185,1.0
253,0.3996149440403398,0.6635491032585498,1.0,0.4799570626582188,0.9315609283342351,1.0,0.011975242596779845,0.04787458464435079,0.0,0.22442841374226108,0.4506792238368933,0.0
254,0.5833424991364445,0.0738374484776031,0.0,0.5769998284516115,0.34000244875100327,0.0,0.12931613916515217,0.5178410638732209,1.0,0.47430389720007693,0.07597699687042303,0.0
255,0.3192152787568425,0.17443463614829302,0.0,0.7456883823964241,0.6889482372307402,1.0,0.9418888635074567,0.5675234961581391,0.0,0.09410457230226144,0.9339486026708994,1.0
256,0.6750577253542589,0.20661837367205793,0.0,0.974547210689189,0.06467448187145808,0.0,0.17329061135030932,0.9693618894472295,0.0,0.833083493558472,0.11739645930169074,0.0
257,0.5427920089321444,0.6860546001089387,0.0,0.5864310521031404,0.36158247510224595,1.0,0.17198100949153083,0.7844867197874378,1.0,0.9945262989795972,0.14108416502362953,0.0
258,0.7186624195004666,0.8576159472071737,0.0,0.8186068252558962,0.45095647083602175,1.0,0.6329475350118325,0.6533455969152173,0.0,0.1876045259857283,0.689015121879463,0.0
259,0.7764142002251133,0.9023405572369678,0.0,0.41649680818660706,0.7208680722730115,1.0,0.3607445313820069,0.564027985520516,1.0,0.5258322286896959,0.422676507884701,0.0
260,0.24280470650371866,0.5405651658319464,1.0,0.7925458330287755,0.19981049196110423,0.0,0.8728106822740921,0.194798014614748,0.0,0.41992315619071197,0.41385345034859633,0.0
261,0.24468709543302802,0.6346099337945665,0.0,0.41183844837290096,0.5044328495997643,1.0,0.9509491367607079,0.7244885969606591,1.0,0.6797163065161193,0.04869425915083847,0.0
262,0.9393936873372929,0.4154658591439171,1.0,0.706234949187574,0.7367926221187971,1.0,0.7699460671765219,0.4179774041897596,0.0,0.8984218588365278,0.2595560364004137,0.0
263,0.5382560840533984,0.2031495243877156,0.0,0.8988475891943591,0.11807310243617775,0.0,0.20494007162705463,0.1461158370436253,1.0,0.6409891048913186,0.8061390810901387,0.0
264,0.5420595882105286,0.9498833228206502,1.0,0.5257737232515612,0.03919403709611302,0.0,0.3996638928650812,0.30347266201295864,0.0,0.19638928114208065,0.986247904755577,1.0
265,0.17346978710214866,0.9657261083123991,1.0,0.5433078633643668,0.9301457372364355,1.0,0.47493652874904013,0.3945721119433948,0.0,0.7188675751249932,0.32751382239520554,0.0
266,0.5639376358985458,0.8116591702286081,1.0,0.23537807789493637,0.9644254196514664,1.0,0.39724066955207116,0.4836473940216567,1.0,0.6948602758013841,0.7033714554132101,1.0
267,0.730219825395548,0.6497795164298455,1.0,0.9574791992723296,0.3375324050990224,1.0,0.27544178077436055,0.8274426402079332,0.0,0.4282866494829939,0.6008595419730476,0.0
268,0.6905156072899338,0.09716545209068883,1.0,0.7011989501280725,0.9170484239755369,1.0,0.41947561452142323,0.9319908991903082,1.0,0.951884397965097,0.7027658748727633,0.0
269,0.7694061941436106,0.31445690018190353,1.0,0.9461356404347938,0.2461435781297857,1.0,0.44586172561147475,0.9246614327762528,1.0,0.5617527011620091,0.09178957236230123,0.0
270,0.6706396351801733,0.26081712746346986,0.0,0.03801960883579958,0.8373753609684624,1.0,0.691280835485657,0.0752431336664785,0.0,0.061244738776490504,0.44881791035038987,0.0
271,0.8453048464983788,0.52102050118942,0.0,0.18646495390794915,0.8530633614400305,1.0,0.22631695164835286,0.7884992859616327,0.0,0.33518194039663973,0.036970796100421977,0.0
272,0.6824638570428816,0.528622537100409,0.0,0.86977633932258,0.3277878733407673,1.0,0.9605555368359033,0.49467811918012217,0.0,0.35514286516074145,0.5546174723704522,0.0
273,0.9584594586144337,0.3989312835908241,0.0,0.4195738953716618,0.8793993407801018,1.0,0.37477822163761554,0.041374522956541204,0.0,0.977804545093704,0.31329145073244713,0.0
274,0.06505440838458698,0.9833985977637802,1.0,0.6485642345283261,0.8964287316577042,1.0,0.4875961496940179,0.32371201404511496,0.0,0.5774192494855607,0.7092043077347552,1.0
275,0.9987641046213537,0.8849464346404201,1.0,0.07318846839413584,0.8845322519799624,1.0,0.652457571279611,0.04497893626058436,0.0,0.8552354388082546,0.1615172191076637,0.0
276,0.468261385920304,0.12822241245977561,0.0,0.9985661339964367,0.5891150685215124,1.0,0.0896447949502921,0.03870483481392306,0.0,0.501031433062476,0.9864936011115314,1.0
277,0.5548562466478221,0.37974289015516594,1.0,0.45941202990416186,0.9210093522532771,1.0,0.3008906155622797,0.19041962043857397,0.0,0.9525617269620903,0.9637675440400287,1.0
278,0.9539084846867107,0.8795933347372633,1.0,0.8257810179371882,0.21775947230095616,0.0,0.46222441521876323,0.9290105975638623,1.0,0.4404642056897794,0.7933187569118422,0.0
279,0.8737533488058696,0.9242863940997355,1.0,0.7207461843273777,0.8256317558922543,1.0,0.37019287211010266,0.8874378857334969,1.0,0.5497571938924699,0.5734126025825288,0.0
280,0.9315631720062784,0.8255978552732204,1.0,0.7134152689083912,0.3946635582993897,0.0,0.2496516644053357,0.6516259445671974,1.0,0.6080828261513622,0.5082218589007325,0.0
281,0.2711571507377232,0.07495313500272116,0.0,0.1568942192067878,0.22096812163535295,0.0,0.7274918601002501,0.6776746760132861,1.0,0.7452300140155103,0.06844378010098617,0.0
282,0.041072408741153366,0.817523730307264,1.0,0.49360789154618034,0.8989991428326758,1.0,0.42913232837909654,0.9581268693884527,1.0,0.9515716539861693,0.5029303095442506,0.0
283,0.9820781269011586,0.048239338251192865,0.0,0.7236468428860451,0.2551192042283307,0.0,0.9727854128266029,0.3697567208752818,0.0,0.6199181993684183,0.6370449036297448,0.0
284,0.2695861121598072,0.15499047824420553,1.0,0.08750302440128255,0.6249847424580286,1.0,0.4267613210615443,0.48280494165733856,0.0,0.5947801436697617,0.6096871282310995,0.0
285,0.44935796867555766,0.6546384910096811,0.0,0.6894354474327972,0.9920546129997365,1.0,0.2915268431215896,0.13111512127210678,0.0,0.8058919109753376,0.48033990832963536,1.0
286,0.40752094641029435,0.8525131263718608,0.0,0.3153552067978126,0.983018293656931,1.0,0.34987563624463447,0.7093734139417199,1.0,0.4990501849793788,0.8987895253889905,1.0
287,0.9559741752234319,0.07833776048526597,1.0,0.49900705511730026,0.21913441833447644,0.0,0.6128331803341686,0.6398391447614312,0.0,0.8932938603130022,0.06936422544880061,0.0
288,0.7042399913982308,0.7618535398684508,1.0,0.9939552780247162,0.49636771026377235,1.0,0.7294340693271321,0.7317405544142854,0.0,0.6281143183204263,0.3164836494380563,0.0
289,0.9377967969512393,0.37247402731021506,1.0,0.7106883579326794,0.7780671008732942,1.0,0.14115552518419872,0.28795868905611777,0.0,0.3900207799869426,0.5486618779567157,0.0
290,0.5250803319648887,0.22262239397545736,0.0,0.859473460462166,0.16521408972169616,0.0,0.2343165896785674,0.7992717503225895,1.0,0.2056059688763573,0.8760792018588085,1.0
291,0.2962799787826885,0.8692772351642317,1.0,0.8139104441311376,0.08750309058718475,0.0,0.19304770140706828,0.8044223944203936,1.0,0.9673845447064805,0.9649231341464066,1.0
292,0.0711618324016261,0.3570004340946431,0.0,0.7117317996992923,0.8260676787945537,1.0,0.6504954500578811,0.453137760220207,0.0,0.860780470288066,0.48569810573810135,0.0
293,0.9161112068381713,0.5632721109648818,1.0,0.7922546066288917,0.8106905070344712,1.0,0.24805390040163544,0.13469917039638102,0.0,0.19640923891342443,0.15550291045795128,0.0
294,0.001800144487214772,0.2768767313599001,0.0,0.4519997408531533,0.41204997938185284,0.0,0.10583362634215832,0.7417458611819427,0.0,0.20966948549619147,0.6147250131443704,1.0
295,0.7692652949668313,0.6429335907516657,1.0,0.32040824259227396,0.8299709426764026,1.0,0.35537037807567473,0.8348631459673936,0.0,0.8945150428865952,0.0744038380812374,0.0
296,0.7843483153359566,0.1704707082387804,0.0,0.5911865760551588,0.9640892825690839,1.0,0.2820629160978996,0.37454994381256956,0.0,0.6762007825130498,0.5433186408367982,0.0
297,0.3830166255651227,0.2175837981507226,0.0,0.5762020976869698,0.649461722932897,1.0,0.668545790033636,0.7113231273095935,1.0,0.6709090588160634,0.269307177563643,0.0
298,0.3212640605789562,0.21706058533340533,0.0,0.6626687289136716,0.39417501754190987,1.0,0.8356224724331425,0.23797921699771818,0.0,0.6737411432093022,0.23442583630841618,0.0
299,0.4353767888992538,0.001953640837201287,0.0,0.9060666383240067,0.11676001897929822,0.0,0.6155537952416186,0.9021066728063365,0.0,0.7213617984487977,0.5939168443295995,0.0
300,0.8679183358283789,0.2048136362581532,0.0,0.4392331838586174,0.7583729709440141,1.0,0.48569830347412435,0.17451162933954112,0.0,0.2135412545268116,0.33047148419194694,0.0
